Language,ID,Psychoticism,Extraversion,Neuroticism,Lie
English,2,3,7,4,6
English,3,3,5,2,5
English,4,5,9,4,7
English,5,5,6,7,8
English,7,5,5,5,2
English,8,3,6,5,1
English,9,4,6,5,5
English,10,3,6,4,6
English,11,6,8,7,4
English,12,5,4,6,6
English,13,5,8,5,1
English,14,5,8,5,11
English,15,5,9,5,7
English,16,6,8,3,8
English,17,5,9,5,8
English,18,5,7,7,10
English,19,6,7,6,5
English,20,6,6,5,6
English,21,6,8,7,6
English,22,5,6,4,6
English,23,5,9,4,5
English,24,6,7,8,5
English,25,5,3,6,2
English,26,5,9,5,9
English,27,6,7,6,9
English,28,5,8,5,3
English,29,6,6,5,3
English,30,2,7,3,3
English,31,3,4,4,9
English,32,5,8,5,8
English,33,8,8,5,9
English,34,4,8,8,10
English,35,3,5,5,7
English,36,2,6,5,10
English,37,4,5,5,8
English,38,4,5,5,3
English,39,5,10,5,6
English,40,5,8,5,10
English,41,3,6,5,9
English,42,6,8,6,8
English,43,4,6,5,11
English,44,5,10,3,3
English,45,6,9,8,9
English,46,6,9,7,9
English,47,3,10,5,8
English,48,3,8,6,7
English,49,6,9,6,3
English,50,5,6,4,2
English,51,2,2,3,5
English,52,4,8,5,3
English,53,6,7,5,5
English,54,6,5,2,2
English,56,4,4,5,1
English,58,5,5,5,5
English,59,6,7,5,4
English,61,6,6,5,3
English,62,0,6,3,4
English,63,4,7,5,10
English,65,4,6,4,2
English,66,1,6,4,1
English,67,3,7,5,6
English,68,5,8,4,7
English,69,4,7,5,5
English,70,4,5,4,9
English,71,5,8,5,5
English,75,2,4,4,3
English,76,2,7,4,6
English,77,5,9,5,0
English,78,6,6,5,9
English,80,4,9,7,10
English,81,4,11,7,9
English,82,5,5,4,4
English,83,4,6,3,6
English,84,8,6,5,9
English,85,7,9,6,9
English,86,3,8,5,11
English,88,7,6,5,10
English,89,4,8,7,4
English,90,3,3,4,6
English,91,7,6,5,5
English,92,5,8,7,10
English,93,3,8,8,9
English,94,4,6,6,9
English,95,5,5,5,6
English,96,6,7,7,4
English,97,4,7,6,4
English,98,5,6,5,3
English,100,3,6,4,8
English,101,6,7,7,9
English,102,4,6,6,10
English,103,5,7,6,6
English,104,5,7,3,7
English,105,7,7,6,8
English,106,5,9,8,5
English,107,7,9,6,4
English,108,4,7,4,9
English,109,3,8,5,8
English,110,4,8,3,10
English,111,6,9,4,12
English,113,7,7,6,9
English,114,3,6,5,6
English,115,5,8,6,4
English,116,3,10,5,7
English,117,5,6,3,8
English,118,6,8,5,9
English,119,2,5,4,8
English,120,6,9,5,5
English,121,6,7,6,6
English,122,6,7,7,7
English,123,5,8,4,9
English,124,5,7,7,3
English,125,5,9,4,11
English,126,3,3,6,5
English,127,4,6,4,4
English,128,5,9,4,11
English,129,3,6,2,6
English,130,3,6,5,10
English,131,2,5,4,3
English,132,5,5,5,7
English,133,4,7,5,6
English,135,4,5,4,10
English,136,7,8,8,8
English,137,5,8,6,7
English,138,5,3,5,4
English,139,6,8,5,2
English,140,5,9,5,6
English,141,4,9,6,7
English,142,3,8,5,9
English,143,6,8,6,9
English,144,7,7,7,10
English,145,2,5,3,10
English,146,4,5,5,8
English,147,4,4,6,4
English,148,6,9,5,7
English,149,2,8,5,7
English,150,6,4,6,1
English,151,3,7,4,2
English,152,4,8,6,11
English,153,7,6,7,3
English,154,4,6,4,8
English,155,4,4,4,5
English,156,8,8,5,10
English,157,5,2,5,1
English,158,6,8,5,9
English,159,5,9,6,10
English,160,5,7,7,11
English,161,8,8,6,8
English,162,3,5,4,5
English,163,4,7,5,4
English,164,4,5,6,9
English,165,4,7,4,7
English,166,4,7,6,2
English,168,6,4,2,8
English,169,5,8,5,7
English,170,4,10,5,9
English,171,5,4,5,9
English,172,6,11,3,10
English,173,6,4,5,2
English,174,3,9,4,9
English,175,3,9,7,9
English,176,5,6,5,9
English,177,4,10,7,7
English,178,2,7,3,5
English,179,6,8,4,5
English,180,6,9,5,8
English,181,5,8,3,9
English,183,4,6,4,2
English,184,6,6,8,6
English,185,5,9,6,9
English,186,5,6,4,7
English,187,6,5,5,4
English,188,4,7,6,3
English,189,5,3,8,8
English,190,2,9,5,5
English,191,5,6,5,4
English,192,5,9,7,7
English,193,5,9,7,3
English,194,5,8,5,10
English,195,6,5,6,9
English,196,3,8,2,5
English,197,5,6,4,6
English,198,4,8,6,6
English,199,6,8,5,8
English,200,4,6,5,10
English,201,6,7,5,8
English,202,6,8,4,10
English,203,5,6,5,8
English,204,5,7,5,6
English,205,4,9,4,1
English,206,2,8,6,9
English,207,5,10,5,8
English,209,5,5,5,7
English,210,3,6,4,9
English,211,6,5,6,10
English,212,5,7,6,7
English,213,4,10,5,7
English,214,5,7,5,4
English,215,6,10,4,6
English,216,6,7,5,9
English,217,4,7,5,4
English,218,4,6,6,9
English,219,3,6,5,8
English,220,7,8,7,9
English,221,7,4,3,5
English,222,5,7,4,5
English,223,5,8,6,9
English,224,4,8,5,10
English,225,3,10,5,10
English,226,4,9,6,3
English,227,5,7,6,8
English,228,5,8,6,5
English,229,6,7,5,5
English,230,7,6,5,8
English,231,5,8,6,4
English,232,6,6,4,6
English,233,7,6,4,6
English,234,6,9,5,9
English,235,5,7,5,5
English,236,6,5,6,4
English,237,6,7,4,4
English,239,5,8,5,3
English,240,6,11,8,10
English,241,5,6,4,5
English,242,6,9,6,6
English,243,4,4,5,4
English,244,5,9,5,9
English,246,2,8,6,6
English,247,6,8,6,6
English,248,6,7,5,5
English,249,6,8,6,8
English,250,3,5,5,4
English,251,6,6,6,8
English,252,6,9,4,9
English,253,5,7,4,4
English,254,6,6,7,4
English,255,5,8,6,5
English,256,3,6,5,4
English,257,2,6,4,8
English,259,2,5,4,6
English,260,5,6,6,7
English,261,4,5,5,10
English,262,5,10,5,11
English,263,2,6,5,9
English,264,2,7,6,6
English,265,6,7,6,6
English,266,5,7,6,4
English,267,6,5,5,4
English,268,4,4,5,5
English,269,3,4,5,4
English,270,5,4,2,2
English,271,3,6,5,8
English,272,6,7,6,5
English,273,3,11,6,9
English,274,6,7,5,5
English,275,6,7,4,5
English,276,5,5,3,6
English,277,5,6,5,4
English,278,4,6,5,2
English,279,6,9,7,5
English,280,4,6,3,5
English,281,1,4,5,1
English,282,5,7,3,4
English,283,3,11,6,11
English,284,4,5,3,7
English,285,5,5,3,5
English,286,5,7,3,10
English,287,5,9,6,7
English,288,4,8,6,8
English,289,3,6,6,1
English,290,4,6,5,3
English,291,4,5,6,8
English,292,6,6,3,4
English,293,5,10,7,4
English,294,4,7,6,3
English,295,5,7,4,5
English,296,4,5,4,4
English,297,4,12,5,9
English,298,3,5,6,2
English,299,4,8,5,3
English,300,4,6,7,6
English,301,4,5,4,2
English,302,4,8,7,0
English,305,6,7,5,3
English,306,3,7,5,9
English,307,6,8,4,11
English,308,3,6,2,6
English,309,4,8,5,1
English,310,4,7,4,7
English,311,4,6,4,9
English,312,5,7,5,0
English,313,6,4,6,1
English,314,2,6,5,7
English,315,4,6,4,6
English,316,4,4,5,6
English,317,5,8,7,2
English,318,3,8,4,4
English,319,6,4,5,2
English,320,2,10,6,4
English,321,3,7,3,9
English,322,3,7,7,7
English,323,5,9,5,2
English,324,3,7,5,7
English,325,5,6,5,0
English,326,6,6,6,6
English,327,4,7,6,1
English,328,5,6,5,3
English,329,6,5,5,6
English,330,2,8,4,7
English,331,5,6,5,2
English,332,3,8,4,5
English,334,4,7,4,4
English,335,5,8,7,8
English,336,4,9,6,8
English,337,3,8,5,8
English,338,2,7,6,5
English,339,7,5,4,8
English,340,4,7,6,7
English,341,4,8,5,9
English,342,6,5,5,11
English,343,5,4,6,10
English,344,7,6,5,10
English,345,8,7,7,6
English,346,5,5,4,10
English,347,5,4,5,4
English,348,5,7,5,2
English,349,4,8,4,8
English,350,4,9,4,10
English,351,3,3,4,6
English,352,7,9,8,8
English,353,6,6,5,8
English,354,5,5,4,5
English,355,6,9,6,2
English,356,5,6,7,8
English,357,4,9,4,10
English,358,6,4,6,7
English,359,5,8,7,9
English,360,4,7,7,8
English,361,6,9,5,11
English,362,4,5,5,5
English,363,4,9,5,5
English,364,3,5,6,4
English,365,5,8,5,11
English,366,4,10,4,8
English,367,6,9,6,3
English,368,5,7,4,3
English,369,5,6,5,4
English,370,7,6,6,10
English,371,6,8,4,2
English,372,4,7,6,9
English,373,3,8,6,0
English,374,5,10,7,9
English,375,4,4,3,1
English,376,5,6,5,5
English,377,2,7,5,6
English,378,6,4,5,6
English,379,6,7,4,9
English,380,5,8,5,2
English,381,6,7,5,4
English,382,6,6,5,4
English,383,6,6,4,6
English,385,6,9,5,2
English,386,5,5,4,10
English,387,4,7,4,6
English,388,5,8,5,11
English,389,3,7,4,9
English,390,2,7,2,6
English,391,7,6,6,5
English,392,6,6,4,8
English,393,5,6,3,7
English,394,4,6,3,10
English,395,5,6,8,8
English,396,4,8,3,9
English,397,4,8,4,10
English,398,2,7,3,5
English,399,5,4,6,6
English,400,3,8,3,7
English,401,5,8,5,9
English,402,3,5,3,2
English,403,3,7,3,8
English,404,4,9,4,7
English,405,6,4,5,4
English,406,6,9,5,7
English,407,6,5,5,7
English,408,4,9,4,10
English,409,3,8,3,7
English,410,6,6,5,4
English,411,4,3,4,7
English,412,5,8,5,5
English,413,5,9,8,10
English,414,5,7,5,3
English,415,6,6,3,6
English,416,6,11,6,7
English,417,2,7,5,7
English,418,4,7,5,9
English,419,4,4,5,5
English,420,5,5,5,5
English,421,6,5,5,3
English,422,4,8,5,5
English,423,4,10,6,5
English,424,4,6,4,7
English,425,4,9,2,6
English,426,4,7,2,9
English,427,5,6,4,5
English,428,5,9,7,8
English,429,6,7,5,10
English,430,5,6,8,9
English,431,3,6,4,6
English,432,4,4,4,4
English,433,4,7,2,8
English,434,4,6,5,4
English,435,7,7,6,9
English,436,5,10,3,11
English,437,6,9,4,6
English,438,6,8,5,6
English,439,6,7,6,3
English,440,5,8,4,7
English,441,6,10,5,9
English,442,4,6,5,5
English,443,3,6,6,5
English,444,5,7,4,5
English,445,5,8,4,9
English,446,6,3,6,2
English,447,5,9,5,4
English,448,2,4,5,5
English,449,6,6,4,1
English,450,5,7,5,6
English,451,6,7,6,8
English,452,4,6,6,11
English,453,5,4,7,7
English,454,3,5,4,7
English,455,6,11,10,10
English,456,4,6,3,4
English,457,2,2,6,6
English,458,1,6,6,6
English,459,4,6,6,8
English,460,2,6,2,10
English,461,6,7,7,3
English,462,6,7,7,7
English,463,4,6,4,6
English,464,6,5,5,6
English,465,6,9,4,10
English,466,6,7,6,4
English,467,6,8,5,2
English,468,5,6,5,2
English,469,5,7,6,7
English,470,2,6,3,5
English,471,5,9,3,10
English,472,5,7,5,3
English,473,3,8,6,8
English,475,4,7,5,9
English,476,4,5,5,7
English,477,4,8,3,8
English,478,6,7,5,2
English,479,5,7,5,6
English,480,5,6,5,5
English,481,3,7,6,2
English,482,6,5,5,4
English,483,3,6,4,10
English,484,5,9,6,7
English,485,5,8,5,3
English,486,6,7,5,10
English,487,4,8,5,8
English,488,2,8,3,8
English,489,5,7,5,5
English,490,3,3,5,8
English,491,5,5,5,8
English,492,3,7,5,8
English,493,5,5,6,11
English,494,3,3,3,3
English,495,4,7,5,8
English,496,6,7,7,10
English,497,2,9,5,7
English,498,5,5,6,2
English,499,4,6,6,9
English,500,6,10,4,8
English,501,6,8,5,9
English,502,5,6,4,7
English,503,5,6,5,5
English,504,3,4,5,3
English,505,4,8,6,5
English,506,3,5,5,6
English,507,5,7,6,6
English,508,5,10,5,4
English,509,6,3,3,9
English,510,4,7,4,4
English,511,4,4,4,5
English,512,6,8,6,8
English,513,7,9,4,8
English,514,3,8,3,3
English,515,7,7,5,6
English,516,4,4,5,11
English,517,5,7,6,7
English,518,2,8,6,2
English,519,4,6,4,8
English,520,6,5,4,10
English,521,4,4,3,7
English,522,5,7,5,7
English,523,3,9,7,6
English,524,6,8,7,9
English,525,7,5,5,4
English,526,6,5,6,4
English,527,8,8,5,6
English,528,5,6,4,4
English,529,4,7,3,7
English,530,6,7,5,4
English,531,5,8,4,6
English,532,4,7,4,5
English,533,5,9,5,5
English,534,5,6,4,5
English,535,6,6,6,7
English,536,6,8,5,4
English,537,6,8,6,9
English,538,6,4,6,3
English,539,5,9,6,10
English,540,8,10,6,6
English,541,5,9,3,7
English,542,3,6,4,1
English,543,4,6,7,4
English,544,4,10,3,5
English,545,6,6,5,8
English,546,6,7,5,4
English,547,5,7,6,6
English,549,5,6,5,1
English,551,4,5,5,10
English,552,6,6,5,9
English,553,5,6,3,9
English,554,5,9,3,10
English,555,7,7,4,10
English,556,6,5,5,8
English,559,5,6,4,3
English,561,6,5,5,4
English,562,5,4,4,2
English,563,3,5,4,8
English,564,4,6,5,9
English,566,5,7,5,4
English,567,4,4,3,4
English,568,5,7,6,3
English,572,4,7,3,6
English,573,4,7,5,2
English,574,5,7,4,8
English,575,3,5,4,11
English,576,6,7,4,9
English,577,5,6,6,8
English,578,5,4,6,7
English,579,2,6,4,11
English,580,3,5,5,5
English,581,1,6,5,7
English,582,4,4,4,4
English,583,4,9,5,11
English,584,6,9,5,5
English,585,4,6,5,8
English,586,3,8,7,3
English,588,2,9,6,6
English,589,2,9,4,1
English,590,4,7,3,10
English,591,6,7,7,9
English,592,6,5,5,8
English,593,5,4,4,3
English,594,5,6,4,10
English,596,4,9,6,4
English,597,4,5,4,0
English,598,4,8,5,6
English,599,3,6,7,4
English,600,5,8,6,10
English,601,6,7,5,6
English,602,4,7,5,1
English,603,4,8,5,10
English,605,6,3,4,10
English,606,6,6,4,8
English,607,4,7,6,8
English,608,5,7,5,3
English,609,5,5,4,3
English,610,6,6,3,4
English,611,6,6,4,6
English,612,6,5,5,8
English,613,4,5,4,7
English,614,5,7,5,3
English,615,5,4,4,11
English,616,6,8,5,8
English,617,3,5,5,1
English,619,6,8,5,1
English,620,3,4,4,3
English,621,7,10,5,12
English,622,2,7,3,7
English,623,5,7,5,8
English,624,5,6,3,4
English,625,5,4,4,2
English,626,4,6,5,4
English,627,6,7,5,10
English,628,6,7,5,10
English,629,6,6,5,5
English,630,5,6,4,6
English,631,6,7,5,9
English,632,4,5,4,8
English,633,3,6,4,10
English,634,4,5,5,4
English,635,4,5,4,9
English,637,5,7,4,11
English,639,4,11,5,11
English,640,4,6,6,4
English,641,6,9,7,6
English,642,4,7,4,9
English,643,5,9,5,11
English,644,5,7,4,5
English,645,7,7,5,2
English,646,4,6,4,8
English,647,2,9,6,9
English,648,4,9,6,7
English,649,5,11,6,4
English,650,5,7,3,11
English,651,5,5,4,3
English,652,8,4,4,8
English,653,2,4,3,7
English,654,4,6,5,4
English,655,3,7,5,6
English,656,5,8,6,7
English,657,5,9,4,1
English,658,5,5,3,0
English,659,4,7,5,10
English,660,4,7,4,11
English,661,3,7,2,9
English,662,5,6,3,7
English,663,2,8,3,10
English,664,2,9,6,10
English,665,5,6,4,5
English,666,6,6,6,6
English,667,5,7,5,3
English,668,5,5,4,5
English,669,4,5,3,11
English,670,5,5,7,10
English,671,4,10,6,11
English,672,4,6,5,9
English,673,5,6,4,10
English,674,4,6,4,6
English,675,5,9,5,6
English,676,7,5,7,9
English,677,4,4,5,1
English,678,3,4,3,9
English,679,6,5,6,5
English,680,4,6,3,8
English,681,4,7,5,4
English,682,5,8,4,9
English,683,3,7,6,10
English,684,3,9,4,8
English,685,6,8,8,9
English,686,3,5,7,7
English,687,5,3,6,4
English,688,3,8,5,10
English,689,6,7,8,7
English,691,4,8,5,8
English,692,3,10,7,8
English,693,6,7,6,4
English,694,6,9,6,4
English,695,6,7,6,5
English,696,4,6,4,4
English,697,6,5,5,7
English,698,5,9,4,9
English,699,5,9,7,7
English,700,4,8,5,9
English,701,4,7,5,8
English,702,5,7,5,4
English,703,3,6,6,9
English,704,5,8,7,9
English,705,6,9,6,9
English,706,4,5,6,8
English,707,6,7,4,8
English,708,5,9,6,6
English,709,5,7,6,6
English,710,5,7,4,10
English,711,4,6,7,3
English,712,5,8,4,10
English,713,5,6,6,7
English,714,5,9,7,8
English,715,6,7,5,9
English,716,5,6,5,5
English,717,4,7,4,8
English,718,7,6,5,3
English,719,5,7,4,10
English,720,5,9,6,9
English,721,3,9,7,11
English,722,4,3,4,8
English,723,4,6,6,5
English,726,5,6,6,6
English,727,6,7,6,3
English,728,3,8,4,10
English,729,1,6,5,10
English,730,4,9,6,11
English,731,4,4,5,10
English,732,3,6,6,10
English,734,3,5,5,8
English,735,4,5,5,9
English,736,5,8,6,9
English,738,5,8,5,6
English,739,5,8,4,10
English,740,5,9,4,8
English,741,4,7,5,8
English,742,6,6,5,9
English,743,6,6,6,9
English,744,6,6,5,10
English,745,5,8,6,9
English,746,4,5,3,10
English,747,4,7,6,11
English,748,5,5,6,6
English,749,4,7,6,9
English,750,5,9,5,6
English,751,6,7,4,8
English,752,7,9,7,7
English,753,2,7,5,10
English,754,5,4,6,4
English,755,3,7,6,9
English,756,4,7,6,7
English,757,3,5,6,10
English,758,4,8,6,8
English,759,4,6,4,6
English,760,5,5,4,9
English,761,3,8,4,9
English,763,5,5,7,8
English,764,4,7,5,5
English,765,2,4,5,5
English,766,4,7,5,6
English,767,4,4,6,7
English,768,5,6,8,8
English,769,6,7,6,7
English,770,6,5,6,10
English,771,4,8,3,4
English,772,5,5,7,11
English,774,6,8,6,5
English,775,6,6,5,8
English,776,6,8,7,10
English,777,5,8,4,8
English,778,5,7,6,7
English,779,5,7,4,6
English,780,4,7,4,6
English,781,3,7,3,5
English,782,6,9,6,9
English,783,4,8,5,10
English,784,6,4,6,7
English,785,5,6,5,0
English,786,6,7,7,8
English,787,3,6,4,5
English,788,4,4,5,7
English,789,5,6,7,6
English,790,3,7,3,5
English,791,4,8,5,8
English,792,1,6,6,7
English,793,5,7,5,6
English,794,6,7,6,9
English,795,4,7,3,4
English,796,6,9,4,10
English,797,4,7,4,3
English,798,4,3,5,3
English,799,5,6,6,2
English,800,3,5,3,8
English,801,4,7,3,10
English,802,8,8,6,11
English,803,6,9,5,10
English,804,4,9,7,11
English,805,5,7,5,9
English,806,2,9,3,10
English,807,7,9,7,9
English,808,3,3,3,6
English,809,3,6,3,7
English,810,3,6,4,9
English,811,4,6,7,6
English,812,3,7,3,10
English,813,4,6,5,10
English,814,6,8,7,4
English,815,5,10,4,11
English,816,5,9,5,10
English,817,4,7,5,8
English,818,6,10,5,9
English,819,6,5,6,6
English,820,5,5,5,8
English,821,4,7,6,7
English,822,4,5,4,8
English,823,5,5,5,8
English,824,5,7,7,10
English,826,6,7,5,9
English,827,5,9,6,8
English,828,6,9,5,9
English,829,4,7,4,7
English,830,5,9,7,7
English,831,5,3,5,3
English,832,3,6,6,4
English,833,4,7,6,8
English,834,5,6,6,11
English,835,2,5,5,6
English,836,5,4,4,7
English,837,6,10,5,9
English,838,2,6,3,3
English,839,4,7,6,8
English,840,5,7,5,4
English,841,5,7,4,5
English,842,2,9,7,9
English,843,6,7,5,1
English,844,2,7,4,3
English,845,5,5,5,6
English,846,5,7,5,5
English,847,6,7,5,8
English,848,3,7,5,8
English,849,3,3,3,7
English,850,3,7,4,4
English,851,3,6,5,2
English,852,3,5,4,3
English,853,4,6,3,9
English,854,6,4,4,6
English,855,4,3,3,4
English,857,6,6,4,11
English,858,5,4,4,5
English,859,5,7,6,2
English,860,5,5,6,6
English,861,3,6,5,3
English,862,5,11,5,10
English,864,4,5,5,2
English,865,3,6,4,3
English,866,4,5,6,6
English,867,4,5,4,3
English,868,1,7,4,5
English,869,5,10,6,11
English,870,3,6,2,1
English,871,4,4,5,9
English,872,5,4,4,8
English,874,4,8,5,1
English,875,4,7,6,3
English,877,4,7,5,2
English,878,2,4,4,2
English,879,7,7,6,6
English,880,6,9,6,6
English,881,6,7,6,4
English,882,3,8,5,6
English,883,6,7,6,5
English,884,6,8,8,4
English,885,5,5,6,2
English,886,5,6,7,8
English,887,5,6,6,4
English,888,5,9,4,6
English,889,6,7,4,5
English,890,6,7,5,6
English,891,1,6,5,1
English,892,5,9,6,9
English,893,5,8,4,7
English,894,6,9,6,2
English,895,3,4,6,1
English,896,4,6,6,3
English,897,6,9,8,2
English,898,3,7,5,5
English,899,6,11,5,7
English,900,7,8,5,9
English,901,5,8,6,5
English,902,5,8,6,2
English,903,6,8,8,6
English,904,7,8,8,3
English,905,5,10,6,7
English,906,3,9,4,7
English,907,5,8,6,4
English,908,6,9,5,4
English,909,4,5,6,3
English,910,3,7,3,10
English,911,3,9,5,11
English,912,4,9,4,5
English,913,3,7,4,2
English,915,5,6,5,4
English,916,2,5,4,10
English,917,6,8,6,10
English,918,4,9,5,11
English,919,4,5,6,9
English,920,3,10,6,11
English,921,6,6,6,6
English,922,6,8,7,4
English,923,4,7,8,4
English,924,3,9,7,6
English,925,5,6,6,5
English,926,5,6,5,2
English,927,6,8,6,4
English,928,2,7,4,6
English,929,4,9,5,11
English,930,4,6,4,8
English,931,5,8,7,6
English,932,5,8,5,1
English,933,6,8,5,6
English,934,6,10,5,7
English,935,5,7,6,5
English,936,5,7,6,3
English,937,5,10,8,10
English,938,4,8,4,7
English,939,6,10,5,7
English,940,6,7,4,4
English,941,3,6,4,3
English,942,5,8,7,5
English,943,6,2,4,8
English,944,5,7,4,9
English,945,4,8,7,6
English,946,6,6,7,8
English,947,7,9,6,4
English,948,5,10,5,6
English,949,5,10,4,2
English,950,6,8,4,4
English,951,3,4,3,3
English,952,4,6,6,6
English,953,6,9,7,3
English,954,6,4,5,5
English,955,4,9,6,7
English,956,5,7,6,3
English,957,5,6,4,5
English,958,5,8,7,7
English,959,5,7,3,6
English,960,5,8,5,7
English,962,6,9,6,4
English,963,4,7,5,8
English,964,6,10,6,8
English,965,2,9,6,4
English,966,1,9,6,3
English,967,6,9,6,6
English,968,3,5,6,7
English,969,5,7,7,4
English,970,5,9,3,11
English,971,5,6,6,8
English,972,6,7,7,3
English,973,5,6,4,7
English,974,5,5,5,3
English,975,4,4,4,3
English,976,4,4,5,2
English,977,5,10,6,8
English,978,4,9,5,10
English,979,7,8,7,7
English,980,5,7,4,6
English,981,5,5,3,7
English,982,1,9,5,6
English,983,3,7,4,4
English,984,6,8,5,4
English,986,5,7,6,5
English,987,5,7,4,5
English,988,4,8,5,6
English,989,4,6,4,6
English,990,6,7,4,6
English,991,6,6,6,6
English,992,4,8,5,8
English,993,6,7,7,6
English,994,3,4,5,5
English,995,4,8,6,2
English,996,3,4,3,2
English,998,4,9,4,2
English,999,6,3,5,2
English,1000,3,7,4,2
English,1001,4,5,3,4
English,1002,2,6,5,2
English,1003,4,4,5,5
English,1004,5,8,6,5
English,1005,6,8,4,3
English,1007,4,7,3,9
English,1008,4,7,4,5
English,1010,3,10,5,5
English,1011,5,3,5,6
English,1012,3,5,5,6
English,1013,4,5,5,7
English,1014,6,4,5,4
English,1015,5,7,5,7
English,1016,3,9,4,5
English,1017,4,6,7,1
English,1018,2,8,4,6
English,1019,4,6,4,6
English,1020,5,6,4,1
English,1021,5,6,5,4
English,1022,5,8,5,2
English,1024,1,9,7,7
English,1025,6,9,4,9
English,1026,4,7,7,3
English,1027,5,7,6,3
English,1028,5,6,4,7
English,1029,5,8,5,10
English,1030,5,9,7,4
English,1031,2,6,5,3
English,1032,5,6,4,2
English,1033,6,10,7,11
English,1034,4,8,8,5
English,1035,3,6,2,7
English,1036,5,6,4,6
English,1037,5,8,5,5
English,1038,4,8,5,5
English,1039,5,7,5,2
English,1040,7,10,4,8
English,1041,6,9,6,3
English,1042,2,10,6,4
English,1043,4,9,6,5
English,1044,4,10,5,8
English,1045,3,8,4,7
English,1046,4,7,3,9
English,1047,6,9,7,7
English,1049,5,5,6,4
English,1050,1,6,3,4
English,1051,6,8,7,4
English,1052,4,6,4,2
English,1053,3,5,5,7
English,1054,3,8,6,4
English,1055,5,8,5,6
English,1057,6,7,5,10
English,1058,4,8,5,8
English,1059,5,6,5,1
English,1060,4,4,5,2
English,1061,3,11,5,4
English,1062,4,9,7,1
English,1063,4,8,4,10
English,1064,4,5,6,0
English,1065,4,5,5,4
English,1066,7,10,6,4
English,1067,4,9,5,5
English,1068,5,10,6,11
English,1069,5,6,4,3
English,1070,3,7,4,6
English,1071,5,7,3,2
English,1072,6,10,4,5
English,1073,6,8,4,7
English,1074,3,8,6,2
English,1075,5,8,2,2
English,1076,6,11,5,6
English,1077,3,6,6,3
English,1078,2,4,6,2
English,1079,3,6,4,0
English,1080,5,6,5,2
English,1081,5,5,4,7
English,1082,3,8,5,2
English,1083,6,8,5,2
English,1084,2,9,3,2
English,1085,6,9,5,4
English,1086,6,8,6,9
English,1087,3,7,4,9
English,1088,5,9,4,8
English,1089,5,7,6,7
English,1090,4,5,3,1
English,1091,4,9,6,5
English,1092,7,6,6,6
English,1093,6,7,6,5
English,1094,5,10,6,5
English,1095,6,8,6,8
English,1096,5,9,6,2
English,1097,5,6,5,3
English,1098,3,6,5,2
English,1099,5,9,5,9
English,1100,4,8,5,3
English,1101,5,9,4,2
English,1102,1,9,5,7
English,1103,4,8,7,5
English,1104,5,8,7,0
English,1105,3,6,5,9
English,1106,5,8,6,0
English,1107,6,4,4,6
English,1108,5,9,4,5
English,1109,6,10,6,12
English,1110,4,9,5,5
English,1111,2,9,5,6
English,1112,5,5,4,4
English,1113,5,5,6,2
English,1114,3,4,5,4
English,1115,6,9,5,6
English,1116,4,7,6,2
English,1117,4,5,6,2
English,1118,5,3,7,6
English,1119,5,7,4,4
English,1120,4,7,6,9
English,1121,4,8,6,7
English,1122,3,8,3,2
English,1123,6,6,7,2
English,1124,6,6,6,3
English,1125,4,5,4,8
English,1126,5,6,5,0
English,1127,5,11,4,4
English,1128,3,9,5,10
English,1129,4,8,4,10
English,1130,6,5,6,4
English,1131,6,10,7,6
English,1132,6,8,6,7
English,1133,3,5,7,5
English,1134,4,8,5,6
English,1135,7,8,5,6
English,1136,3,6,4,7
English,1137,2,6,4,1
English,1138,4,9,5,11
English,1139,3,6,4,7
English,1140,5,5,2,7
English,1141,5,7,5,2
English,1142,4,7,4,10
English,1144,5,9,6,1
English,1145,8,6,7,6
English,1146,4,7,4,1
English,1147,3,10,5,4
English,1148,3,7,4,9
English,1149,4,5,5,6
English,1151,5,8,2,2
English,1152,7,7,5,8
English,1153,5,9,6,5
English,1154,2,7,4,4
English,1155,6,7,4,4
English,1156,4,10,4,10
English,1157,4,7,5,1
English,1158,3,8,4,4
English,1159,3,5,4,1
English,1160,7,8,8,9
English,1161,3,8,3,4
English,1162,6,6,4,7
English,1163,6,10,5,6
English,1164,4,6,4,3
English,1165,4,3,7,5
English,1166,5,4,5,7
English,1167,5,8,9,4
English,1168,5,8,8,3
English,1169,5,6,5,3
English,1170,6,5,6,6
English,1171,6,8,8,6
English,1172,5,8,4,5
English,1173,4,6,4,1
English,1174,3,7,7,4
English,1175,2,6,7,5
English,1176,5,6,6,3
English,1177,4,6,4,7
English,1178,2,6,3,2
English,1179,4,8,5,7
English,1180,6,8,6,8
English,1181,4,6,6,7
English,1182,4,9,5,7
English,1183,5,4,4,1
English,1184,6,9,6,4
English,1185,5,9,6,5
English,1186,3,10,6,11
English,1187,3,5,3,3
English,1188,8,6,4,4
English,1189,3,9,3,8
English,1190,4,8,4,9
English,1191,6,6,3,6
English,1192,5,5,6,6
English,1193,8,8,5,7
English,1194,2,6,5,3
English,1195,4,8,6,1
English,1196,5,8,5,6
English,1197,4,5,4,7
English,1198,5,6,6,5
English,1199,6,7,4,4
English,1200,4,6,5,2
English,1201,5,10,5,9
English,1202,4,4,4,0
English,1203,5,7,8,4
English,1204,3,9,4,11
English,1205,6,6,6,8
English,1206,4,7,5,2
English,1207,2,8,6,8
English,1208,3,7,4,7
English,1210,5,7,5,2
English,1211,3,6,2,1
English,1212,5,7,6,10
English,1213,5,9,5,6
English,1214,8,10,4,6
English,1215,5,8,5,4
English,1216,4,7,6,4
English,1217,4,5,4,2
English,1218,4,6,5,3
English,1219,4,6,6,2
English,1220,4,9,7,8
English,1221,6,8,3,10
English,1222,4,7,6,4
English,1223,2,8,2,4
English,1224,6,9,8,4
English,1225,2,8,3,1
English,1226,3,5,6,1
English,1227,4,8,7,6
English,1228,6,8,6,1
English,1229,5,7,8,6
English,1230,6,6,4,0
English,1231,6,6,7,8
English,1232,5,8,6,1
English,1233,6,7,3,0
English,1234,2,9,5,1
English,1235,5,10,5,6
English,1236,6,9,4,0
English,1237,4,6,5,4
English,1238,3,7,4,5
English,1239,4,8,10,3
English,1240,5,5,5,2
English,1241,5,9,4,5
English,1242,3,7,5,6
English,1243,3,6,5,2
English,1244,5,10,7,4
English,1245,5,5,4,1
English,1246,6,8,6,6
English,1247,3,7,3,6
English,1248,3,5,2,1
English,1249,3,6,6,6
English,1250,4,9,4,10
English,1251,6,8,5,2
English,1252,4,8,6,4
English,1253,6,7,6,1
English,1254,5,9,5,5
English,1255,3,6,7,4
English,1256,5,6,7,7
English,1257,6,7,4,6
English,1258,4,8,5,5
English,1259,6,8,4,5
English,1260,5,8,4,3
English,1261,7,5,6,4
English,1262,4,9,4,11
English,1263,3,8,3,1
English,1264,5,8,4,7
English,1265,3,7,7,2
English,1266,2,8,4,2
English,1267,4,9,5,4
English,1268,6,7,4,6
English,1269,4,7,4,6
English,1270,5,9,5,5
English,1271,3,9,3,10
English,1272,6,8,8,8
English,1273,2,8,3,7
English,1274,3,8,5,5
English,1275,5,10,4,5
English,1276,5,8,6,10
English,1277,4,9,4,4
English,1279,5,7,7,4
English,1280,5,8,7,6
English,1281,1,7,5,6
English,1282,2,7,4,2
English,1283,4,8,8,6
English,1284,4,9,6,8
English,1285,7,3,6,5
English,1286,8,6,6,7
English,1288,5,9,5,10
English,1289,5,6,4,8
English,1290,2,8,3,10
English,1291,4,7,8,3
English,1292,5,6,7,5
English,1293,4,8,8,6
English,1294,2,6,7,7
English,1296,4,6,5,8
English,1297,4,7,3,8
English,1298,5,8,5,6
English,1299,3,9,4,10
English,1300,6,9,6,11
English,1301,4,5,5,1
English,1302,4,6,6,6
English,1303,4,7,7,7
English,1304,7,6,6,7
English,1305,5,9,8,9
English,1306,4,6,5,6
English,1307,5,9,5,3
English,1308,2,5,6,5
English,1309,6,7,4,9
English,1310,5,9,5,9
English,1311,4,5,5,4
English,1312,6,9,7,7
English,1313,2,4,4,3
English,1314,6,6,4,11
English,1315,3,7,3,8
English,1316,4,6,6,0
English,1317,3,10,7,5
English,1318,4,7,6,2
English,1319,3,6,6,6
English,1320,4,7,6,8
English,1321,4,6,5,7
English,1322,5,10,5,4
English,1323,5,7,6,9
English,1324,5,8,6,6
English,1325,5,6,6,10
English,1326,5,3,5,4
English,1327,2,5,4,7
English,1329,4,9,5,6
English,1330,5,8,5,8
English,1331,6,9,7,4
English,1332,3,7,3,8
English,1333,3,10,4,3
English,1334,5,6,4,0
English,1335,4,7,4,9
English,1336,5,9,5,5
English,1337,6,9,5,4
English,1338,5,6,4,9
English,1339,3,9,4,5
English,1340,7,8,9,6
English,1341,4,8,7,6
English,1342,5,6,6,7
English,1343,4,6,7,2
English,1344,5,5,7,8
English,1345,4,6,6,2
English,1346,6,8,8,8
English,1347,6,8,5,10
English,1348,5,5,4,7
English,1349,4,5,5,3
English,1350,6,7,4,6
English,1351,3,4,3,0
English,1352,5,5,5,1
English,1353,3,8,4,3
English,1355,5,6,6,7
English,1356,4,8,5,7
English,1357,2,3,2,7
English,1359,4,3,5,3
English,1360,3,6,5,3
English,1361,5,7,4,9
English,1362,6,4,3,3
English,1363,5,7,5,11
English,1364,6,4,4,4
English,1365,5,7,4,6
English,1366,6,4,5,6
English,1367,3,6,3,3
English,1368,5,6,6,1
English,1369,3,7,3,5
English,1370,5,5,4,1
English,1371,3,8,7,2
English,1372,1,5,4,2
English,1373,3,5,4,5
English,1374,3,7,6,3
English,1375,3,11,7,8
English,1376,6,7,6,7
English,1378,5,4,5,5
English,1379,4,8,3,7
English,1380,5,6,3,5
English,1381,4,3,6,6
Bangla,1,1,7,5,12
Bangla,2,3,9,1,11
Bangla,3,1,4,8,7
Bangla,4,3,11,4,9
Bangla,5,2,5,11,1
Bangla,6,2,5,3,5
Bangla,7,3,5,11,4
Bangla,8,0,1,6,8
Bangla,9,0,2,10,3
Bangla,10,1,4,2,7
Bangla,11,2,9,5,6
Bangla,12,0,4,7,8
Bangla,13,2,1,11,3
Bangla,14,1,2,8,10
Bangla,15,1,8,6,6
Bangla,16,2,11,1,7
Bangla,17,3,2,9,4
Bangla,18,2,10,8,6
Bangla,19,2,2,11,4
Bangla,20,1,11,7,7
Bangla,21,1,8,6,6
Bangla,22,2,5,5,6
Bangla,23,1,9,4,11
Bangla,24,2,4,6,5
Bangla,25,1,6,6,6
Bangla,26,1,3,4,8
Bangla,27,2,6,3,9
Bangla,28,1,8,7,9
Bangla,29,2,9,4,5
Bangla,30,1,10,11,8
Bangla,31,0,11,1,8
Bangla,32,0,8,9,8
Bangla,33,1,8,8,11
Bangla,34,1,8,10,10
Bangla,35,0,6,2,8
Bangla,36,2,7,2,7
Bangla,37,1,7,6,3
Bangla,38,2,4,4,7
Bangla,39,2,7,2,8
Bangla,40,3,2,11,6
Bangla,41,1,6,6,6
Bangla,42,2,3,10,5
Bangla,43,0,11,7,4
Bangla,44,0,9,3,11
Bangla,45,0,9,3,7
Bangla,46,1,3,2,12
Bangla,47,1,6,10,11
Bangla,48,0,5,3,9
Bangla,49,1,10,5,7
Bangla,50,2,10,10,9
Bangla,51,1,10,4,7
Bangla,52,2,5,8,8
Bangla,53,2,11,6,5
Bangla,54,4,6,0,5
Bangla,55,3,7,7,5
Bangla,56,1,3,10,9
Bangla,57,2,8,9,6
Bangla,58,1,7,8,8
Bangla,59,1,8,4,11
Bangla,60,1,11,4,8
Bangla,61,1,10,10,10
Bangla,62,3,12,10,1
Bangla,63,1,4,1,10
Bangla,64,0,8,5,4
Bangla,65,1,6,11,4
Bangla,66,2,5,12,1
Bangla,67,2,2,2,6
Bangla,68,0,5,1,11
Bangla,69,2,10,0,6
Bangla,70,2,10,5,11
Bangla,71,2,4,8,4
Bangla,72,1,4,3,11
Bangla,73,1,9,4,6
Bangla,74,1,10,9,6
Bangla,75,2,6,4,7
Bangla,76,1,11,6,7
Bangla,77,0,7,4,4
Bangla,78,0,3,11,9
Bangla,79,1,5,2,4
Bangla,80,0,9,7,6
Bangla,81,3,2,10,5
Bangla,82,1,8,8,8
Bangla,83,2,7,10,2
Bangla,84,2,9,7,3
Bangla,85,1,5,4,12
Bangla,86,5,5,6,6
Bangla,87,2,9,4,5
Bangla,88,1,10,1,8
Bangla,89,0,6,8,12
Bangla,90,2,10,3,3
Bangla,91,1,6,6,7
Bangla,92,0,2,10,3
Bangla,93,3,5,7,9
Bangla,94,1,6,4,9
Bangla,95,1,7,1,10
Bangla,96,1,1,4,10
Bangla,97,1,12,8,7
Bangla,98,0,10,2,10
Bangla,99,0,2,9,4
Bangla,100,4,10,11,3
Bangla,101,0,7,0,8
Bangla,102,1,8,3,10
Bangla,103,0,7,3,5
Bangla,104,2,7,0,11
Bangla,105,1,4,6,8
Bangla,106,2,7,12,3
Bangla,107,2,2,8,8
Bangla,108,1,6,8,11
Bangla,109,1,7,5,9
Bangla,110,0,6,3,6
Bangla,111,1,9,4,6
Bangla,112,1,11,8,8
Bangla,113,0,6,7,8
Bangla,114,1,6,5,10
Bangla,115,1,6,1,10
Bangla,116,1,11,3,3
Bangla,117,1,10,8,5
Bangla,118,1,8,6,5
Bangla,119,0,5,9,5
Bangla,120,3,9,10,5
Bangla,121,0,9,2,9
Bangla,122,1,9,2,11
Bangla,123,1,7,9,7
Bangla,124,2,5,4,10
Bangla,125,1,11,4,7
Bangla,126,2,2,11,11
Bangla,127,2,10,10,3
Bangla,128,0,8,5,9
Bangla,129,1,4,10,6
Bangla,130,2,10,7,5
Bangla,131,2,4,7,8
Bangla,132,2,3,6,6
Bangla,133,0,10,2,7
Bangla,134,2,6,3,6
Bangla,135,5,5,4,10
Bangla,136,2,3,12,3
Bangla,137,1,7,7,5
Bangla,138,1,11,1,12
Bangla,139,2,10,7,7
Bangla,140,2,8,9,7
Bangla,141,2,6,0,12
Bangla,142,0,11,1,6
Bangla,143,0,9,9,6
Bangla,144,0,2,10,10
Bangla,145,0,8,10,6
Bangla,146,1,6,4,8
Bangla,147,1,4,4,8
Bangla,148,1,4,6,8
Bangla,149,0,6,11,4
Bangla,150,0,5,8,9
Bangla,151,1,8,9,5
Bangla,152,1,10,3,9
Bangla,153,2,2,11,6
Bangla,154,1,11,2,7
Bangla,155,1,10,2,7
Bangla,156,1,10,0,10
Bangla,157,0,1,12,7
Bangla,158,1,5,5,9
Bangla,159,3,5,2,7
Bangla,160,0,7,7,9
Bangla,161,0,5,6,2
Bangla,162,1,11,5,2
Bangla,163,0,8,2,12
Bangla,164,0,5,3,11
Bangla,165,2,7,1,10
Bangla,166,3,9,11,3
Bangla,167,1,9,6,2
Bangla,168,1,5,9,5
Bangla,169,2,7,4,7
Bangla,170,1,11,5,11
Bangla,171,1,2,11,2
Bangla,172,2,11,8,3
Bangla,173,4,6,12,8
Bangla,174,0,12,2,9
Bangla,175,0,12,2,9
Bangla,176,0,9,0,8
Bangla,177,1,3,4,9
Bangla,178,3,10,8,7
Bangla,179,2,2,8,6
Bangla,180,1,10,0,9
Bangla,181,1,2,6,1
Bangla,182,1,12,3,5
Bangla,183,1,9,1,5
Bangla,184,2,4,12,9
Bangla,185,0,2,1,11
Bangla,186,1,4,2,10
Bangla,187,0,3,9,9
Bangla,188,2,6,9,12
Bangla,189,0,6,6,9
Bangla,190,2,1,11,5
Bangla,191,2,6,9,5
Bangla,192,3,5,8,7
Bangla,193,0,5,8,8
Bangla,194,0,6,5,7
Bangla,195,2,10,9,5
Bangla,196,1,9,5,5
Bangla,197,1,3,9,5
Bangla,198,1,3,8,5
Bangla,199,0,5,8,10
Bangla,200,0,3,6,9
Bangla,201,2,1,10,4
Bangla,202,0,3,7,6
Bangla,203,1,7,3,9
Bangla,204,0,9,6,10
Bangla,205,0,9,0,10
Bangla,206,2,9,2,9
Bangla,207,2,6,7,7
Bangla,208,1,4,6,3
Bangla,209,0,6,5,9
Bangla,210,1,3,11,9
Bangla,211,2,8,2,11
Bangla,212,1,10,6,7
Bangla,213,1,8,7,10
Bangla,214,1,4,11,10
Bangla,215,1,4,2,9
Bangla,216,1,6,10,2
Bangla,217,0,4,7,9
Bangla,218,3,8,11,3
Bangla,219,2,8,4,10
Bangla,220,2,0,10,3
Bangla,221,2,5,12,5
Bangla,222,3,7,7,2
Bangla,223,1,10,5,8
Bangla,224,4,2,0,10
Bangla,225,0,7,4,3
Bangla,226,0,5,1,12
Bangla,227,1,4,5,7
Bangla,228,1,9,8,7
Bangla,229,1,12,2,10
Bangla,230,1,9,9,10
Bangla,231,1,7,6,8
Bangla,232,2,4,7,9
Bangla,233,2,2,8,7
Bangla,234,1,0,8,6
Bangla,235,0,6,6,9
Bangla,236,0,2,4,9
Bangla,237,3,5,7,7
Bangla,238,1,10,1,4
Bangla,239,1,2,6,8
Bangla,240,0,5,9,8
Bangla,241,1,10,5,10
Bangla,242,0,4,8,4
Bangla,243,0,3,8,9
Bangla,244,0,9,6,8
Bangla,245,1,6,2,9
Bangla,246,1,8,3,8
Bangla,247,1,8,8,11
Bangla,248,0,8,6,7
Bangla,249,3,5,12,1
Bangla,250,0,9,10,9
Bangla,251,2,10,2,11
Bangla,252,0,4,3,10
Bangla,253,1,4,0,9
Bangla,254,3,7,0,10
Bangla,255,0,4,9,6
Bangla,256,0,5,5,4
Bangla,257,0,4,9,7
Bangla,258,2,10,1,11
Bangla,259,1,2,8,8
Bangla,260,0,3,7,4
Bangla,261,0,6,3,10
Bangla,262,1,1,9,4
Bangla,263,4,9,11,4
Bangla,264,0,2,6,11
Bangla,265,1,6,2,8
Bangla,266,1,6,9,8
Bangla,267,0,7,3,10
Bangla,268,1,7,8,7
Bangla,269,1,6,10,3
Bangla,270,0,5,11,8
Bangla,271,0,7,8,3
Bangla,272,0,8,12,9
Bangla,273,2,9,4,10
Bangla,274,2,4,9,5
Bangla,275,1,10,2,7
Bangla,276,1,8,3,8
Bangla,277,0,5,10,8
Bangla,278,2,4,9,7
Bangla,279,1,4,5,10
Bangla,280,0,11,6,4
Bangla,281,1,7,6,6
Bangla,282,0,9,3,11
Bangla,283,4,2,0,9
Bangla,284,0,7,3,12
Bangla,285,2,10,1,12
Bangla,286,1,7,9,7
Bangla,287,1,9,9,7
Bangla,288,0,6,8,7
Bangla,289,2,7,5,5
Bangla,290,1,8,3,11
Bangla,291,0,11,11,5
Bangla,292,2,8,9,5
Bangla,293,2,10,8,5
Bangla,294,0,9,2,10
Bangla,295,0,8,7,10
Bangla,296,1,3,8,5
Bangla,297,0,2,5,9
Bangla,298,2,10,7,2
Bangla,299,1,10,8,6
Bangla,300,1,6,12,8
Bangla,301,1,6,5,6
Bangla,302,3,9,8,3
Bangla,303,0,4,11,7
Bangla,304,1,2,10,9
Bangla,305,1,9,7,6
Bangla,306,4,6,7,6
Bangla,307,3,8,2,3
Bangla,308,0,0,10,3
Bangla,309,1,0,10,7
Bangla,310,2,8,5,10
Bangla,311,1,3,11,5
Bangla,312,1,9,10,9
Bangla,313,1,8,2,12
Bangla,314,1,11,0,5
Bangla,315,0,7,8,9
Bangla,316,2,5,9,10
Bangla,317,2,11,4,6
Bangla,318,0,6,2,12
Bangla,319,1,6,6,4
Bangla,320,1,0,12,6
Bangla,321,0,5,7,7
Bangla,322,0,2,6,6
Bangla,323,2,5,7,2
Bangla,324,0,8,5,6
Bangla,325,0,1,8,7
Bangla,326,0,6,0,10
Bangla,327,0,3,8,1
Bangla,328,0,8,10,6
Bangla,329,2,10,10,9
Bangla,330,2,6,10,5
Bangla,331,1,6,3,7
Bangla,332,2,7,2,11
Bangla,333,0,8,7,11
Bangla,334,4,9,11,3
Bangla,335,1,7,5,9
Bangla,336,2,7,0,12
Bangla,337,0,7,11,6
Bangla,338,3,5,6,9
Bangla,339,1,11,9,10
Bangla,340,1,5,8,7
Bangla,341,0,5,8,8
Bangla,342,3,10,1,10
Bangla,343,2,6,11,9
Bangla,344,1,2,1,12
Bangla,345,3,6,12,0
Bangla,346,1,8,8,9
Bangla,347,0,6,9,8
Bangla,348,0,11,6,8
Bangla,349,0,8,2,8
Bangla,350,3,9,10,1
Bangla,351,4,5,3,7
Bangla,352,2,11,3,11
Bangla,353,1,11,7,3
Bangla,354,0,2,9,10
Bangla,355,0,9,7,10
Bangla,356,0,9,8,2
Bangla,357,1,7,3,9
Bangla,358,3,8,4,5
Bangla,359,2,3,7,5
Bangla,360,0,8,6,9
Bangla,361,2,6,0,8
Bangla,362,2,4,1,8
Bangla,363,0,7,10,8
Bangla,364,1,8,4,8
Bangla,365,1,12,3,6
Bangla,366,0,7,3,8
Bangla,367,1,7,6,4
Bangla,368,4,3,11,3
Bangla,369,0,8,5,7
Bangla,370,1,7,6,11
Bangla,371,0,1,4,3
Bangla,372,0,8,3,7
Bangla,373,1,8,9,9
Bangla,374,5,4,3,6
Bangla,375,2,8,11,12
Bangla,376,0,2,10,7
Bangla,377,0,5,3,3
Bangla,378,0,9,2,10
Bangla,379,0,8,8,8
Bangla,380,2,2,10,2
Bangla,381,1,7,12,3
Bangla,382,2,8,3,8
Bangla,383,1,5,1,12
Bangla,384,0,9,10,8
Bangla,385,1,2,9,12
Bangla,386,1,7,0,7
Bangla,387,0,5,6,6
Bangla,388,2,7,4,10
Bangla,389,0,8,3,9
Bangla,390,2,4,10,6
Bangla,391,2,4,5,8
Bangla,392,1,1,12,7
Bangla,393,1,7,3,3
Bangla,394,1,8,11,5
Bangla,395,3,6,7,7
Bangla,396,1,5,4,8
Bangla,397,1,10,0,9
Bangla,398,0,5,10,8
Bangla,399,0,9,11,9
Bangla,400,2,9,2,4
Bangla,401,0,11,7,10
Bangla,402,0,9,3,2
Bangla,403,1,11,4,5
Bangla,404,1,6,10,5
Bangla,405,6,4,6,5
Bangla,406,0,10,6,11
Bangla,407,1,9,1,8
Bangla,408,1,3,11,4
Bangla,409,1,7,6,7
Bangla,410,1,12,10,6
Bangla,411,0,5,2,12
Bangla,412,2,9,2,4
Bangla,413,0,6,1,11
Bangla,414,2,12,11,7
Bangla,415,1,4,12,6
Bangla,416,1,6,7,8
Bangla,417,2,5,10,7
Bangla,418,0,2,10,5
Bangla,419,0,6,10,7
Bangla,420,4,9,12,5
Bangla,421,1,6,2,9
Bangla,422,1,7,1,9
Bangla,423,1,8,10,10
Bangla,424,1,8,2,8
Bangla,425,2,5,7,7
Bangla,426,0,10,5,8
Bangla,427,0,6,6,10
Bangla,428,0,7,5,5
Bangla,429,1,7,3,9
Bangla,430,4,10,9,4
Bangla,431,1,8,1,12
Bangla,432,6,5,7,4
Bangla,433,0,4,7,4
Bangla,434,1,9,5,5
Bangla,435,1,5,7,6
Bangla,436,1,10,2,11
Bangla,437,3,7,10,4
Bangla,438,1,7,9,9
Bangla,439,1,8,9,5
Bangla,440,1,3,8,10
Bangla,441,0,7,6,8
Bangla,442,1,7,4,9
Bangla,443,1,9,7,5
Bangla,444,0,4,10,8
Bangla,445,0,7,5,8
Bangla,446,0,9,3,2
Bangla,447,2,8,7,7
Bangla,448,0,4,4,8
Bangla,449,1,4,9,5
Bangla,450,2,8,12,3
Bangla,451,1,5,2,9
Bangla,452,1,6,10,7
Bangla,453,3,9,8,5
Bangla,454,0,9,3,2
Bangla,455,0,8,3,8
Bangla,456,0,6,12,5
Bangla,457,0,7,11,6
Bangla,458,5,6,3,5
Bangla,459,0,11,4,1
Bangla,460,0,5,4,8
Bangla,461,2,8,1,8
Bangla,462,0,7,2,11
Bangla,463,5,9,9,4
Bangla,464,5,9,10,3
Bangla,465,3,8,8,9
Bangla,466,1,8,4,5
Bangla,467,0,2,10,10
Bangla,468,3,6,3,5
Bangla,469,1,1,2,10
Bangla,470,3,6,5,8
Bangla,471,2,10,5,8
Bangla,472,2,6,10,6
Bangla,473,1,6,5,5
Bangla,474,1,9,2,9
Bangla,475,0,8,2,11
Bangla,476,1,6,1,9
Bangla,477,1,1,9,9
Bangla,478,2,10,3,9
Bangla,479,0,11,10,3
Bangla,480,1,2,10,7
Bangla,481,1,9,2,11
Bangla,482,1,9,1,10
Bangla,483,1,2,12,7
Bangla,484,1,12,3,9
Bangla,485,1,7,1,10
Bangla,486,0,8,5,8
Bangla,487,1,7,3,11
Bangla,488,0,3,3,9
Bangla,489,1,10,1,12
Bangla,490,0,4,8,4
Bangla,491,1,9,3,5
Bangla,492,2,3,10,2
Bangla,493,0,5,9,7
Bangla,494,0,4,8,6
Bangla,495,1,8,11,6
Bangla,496,2,9,11,9
Bangla,497,1,10,7,6
Bangla,498,1,9,2,9
Bangla,499,3,2,1,7
Bangla,500,3,6,5,7
Bangla,501,2,8,0,10
Bangla,502,1,10,1,7
Bangla,503,1,7,9,5
Bangla,504,0,5,5,11
Bangla,505,5,8,6,10
Bangla,506,0,11,7,8
Bangla,507,1,10,7,8
Bangla,508,0,9,4,6
Bangla,509,5,8,8,4
Bangla,510,0,8,8,6
Bangla,511,3,1,5,10
Bangla,512,2,3,5,8
Bangla,513,0,9,6,12
Bangla,514,1,9,9,6
Bangla,515,1,10,10,9
Bangla,516,2,11,2,8
Bangla,517,1,6,6,8
Bangla,518,2,10,11,1
Bangla,519,2,9,9,11
Bangla,520,1,8,9,6
Bangla,521,1,11,5,10
Bangla,522,1,6,6,6
Bangla,523,1,2,10,8
Bangla,524,1,5,7,7
Bangla,525,0,1,10,7
Bangla,526,5,4,5,5
Bangla,527,3,4,6,8
Bangla,528,1,8,7,6
Bangla,529,4,9,11,3
Bangla,530,2,10,7,5
Bangla,531,1,5,9,5
Bangla,532,0,7,11,11
Bangla,533,1,11,1,11
Bangla,534,1,1,11,4
Bangla,535,4,9,9,4
Bangla,536,2,9,6,9
Bangla,537,2,5,10,2
Bangla,538,0,6,8,10
Bangla,539,0,9,0,11
Bangla,540,2,7,0,5
Bangla,541,2,8,7,8
Bangla,542,1,1,9,9
Bangla,543,0,9,2,5
Bangla,544,2,6,0,6
Bangla,545,1,7,9,10
Bangla,546,0,9,7,12
Bangla,547,0,9,9,7
Bangla,548,1,8,11,5
Bangla,549,2,10,0,12
Bangla,550,2,9,2,1
